{"BTC":[0.09687275011862209,0.09977893262218075,0.10277230060084618,0.10585546961887156,0.10903113370743771,0.11230206771866084,0.11567112975022067,0.1191412636427273,0.12271550155200912,0.1263969665985694,0.13018887559652648,0.13409454186442227,0.13811737812035493],"ETH":[1.2686525801067885,1.3067121575099923,1.345913522235292,1.3862909279023508,1.4278796557394213,1.470716045411604,1.514837526773952,1.5602826525771705,1.6070911321544856,1.6553038661191202,1.7049629821026937,1.7561118715657744,1.8087952277127477]}